path,sha256,bytes
code/branch_factor_path_stability.py,5735d14dcd6e28f28e5e991588c3b1865606d3d94f9bd027009143d8a94eaa2d,15608
code/consent_aggregation_experiment.py,e5b5a53e18872c8a3575a0b0c81f63885d881abe04f4474577dbd47b00924171,7024
code/depletion_ordering_experiment.py,4cbd8cad2635259769c56f9da7d21f8c8a32b5c84dbf56521e56b24d46dee5cd,4946
code/event_algebra_experiment.py,2b1026a5d87900b74b3caa8ccebdf5f92953f55248fc2a8bd16f71658c88583c,5152
code/hex_boundary_invariant_experiment.py,96c3725df37448c6ddadde41e4918afc08feeeeb4276254c4a7e6a52ba250a6e,5633
code/hex_scaling_coarse_grain_experiment.py,f2b5aba19396cc7baa1d91de9b4ea3622ae0259b2dbc23c04b557538b4e27c98,12523
code/kelly_runtime_budget_experiment.py,9b206c20cc3a6318cb72cf359dbed51c12d2fe6d94b62c91e6230771fef5a6d7,3096
code/loop_equation_runtime_stability.py,2f198de45730d3cbddc2e7567f857c48697f27b779119b8165d07bbbc1a1a430,12394
code/mahalanobis_covariate_experiment.py,1a1903dcc70aacaca0f448ce56049ec2c9d82d786c28494f6da0d6083634848a,3536
code/measure_on_measures_experiment.py,b84d667cc66e6959046d72e8e01669c7462c7b3ae3467f2cff7fb57ca177f0dc,5407
code/model_selection_claim_policy.py,a076c6602a44725bf717bfb2c15a0ad5dae953480279827d970aa965ad3a8f6f,14662
code/noncommutative_amgm_counterexample.py,913d030938cf59b2e52b5a6434e0dde9965270250433ea766c64131d2bcfd983,4321
code/orthogonal_projection_experiment.py,4c2cd17e02c8a68e9133c1ce3752341d2bd0d91f99e278e8f33f20b5e4475583,3391
code/picture_language_diagram_audit.py,f52bcd27f5704f9a5c4af014e87fa3b8a6dda07cdec1302ba9ffba466b0e2ec2,16334
code/proof_status_poset_experiment.py,94c5f4df8dd103e4975bba6e7f9c5635a1382e8aaf0d19d68abe19373c32f01c,14012
code/run_evidence_gate_stress_test.py,a05ddf812cc7feb302819f0b2ad6b459224c65b2c0626121e6ca282abd3bb76f,43696
code/sequential_depletion_verification.py,a469b72c6b845c3e5b9c817331f6def561c24fcc4d0c961560fc7d4070d66d05,4627
code/tail_maximal_inequality_experiment.py,1138e9a7916922ebe8043c5a5c89244bb549c3c3b19f3512dc2c41423e44441c,3474
code/test_branch_factor_path_stability.py,e2e2b7fba3689f32a68d2d11c72e522dfe2e1fa7f186e0ce0710281564217b08,1897
code/test_consent_aggregation_experiment.py,7bc89c9607e46b9c8e58ed011ee21c9dcfcb3159bc7a82d42e888d9f1e486f35,1572
code/test_depletion_ordering_experiment.py,f9b9b5d4ea8c880231cf41d27188303eb06c9e3756baed403cd3fad2e8640296,1359
code/test_event_algebra_experiment.py,8159108757e441630278888b865a7084e8ddaf02bbe8c5271177d78ca571ebda,688
code/test_evidence_gate_stress_test.py,9759b6494bc313fbd57ea91fda3f4f76bc0af2e5ac59c87ed54497e941ce2f82,8333
code/test_hex_boundary_invariant_experiment.py,a51f425710d77d6d2b9143150cdb532aed59a8e117c1f6c12e65a17942123d5d,1075
code/test_hex_scaling_coarse_grain_experiment.py,0adf045c16ed060ae4ca8b8e21325e973018cd450e7dbc86071d0f270cc1bd7d,744
code/test_kelly_runtime_budget_experiment.py,316f08d3aa9a8ef09054a872a98cf5efde9ceba6b3c06b8a11052f527b544e3a,877
code/test_loop_equation_runtime_stability.py,8311ec5fb74e831240f55e77bb811f3553cb7a12b0efa0394188d37f38ca02f6,2126
code/test_mahalanobis_covariate_experiment.py,beed8c1df4c4187e2b1e17a85ea6e9931c6ac1815f8e3667705382cd8a954612,673
code/test_measure_on_measures_experiment.py,0a34c211e1b51337aca92478127b71e3e12a65c9ecfbef7aafde092a1ce3cfb0,687
code/test_model_selection_claim_policy.py,35b43c626a06d7979c2f5ee3c6a35b398c60716a9b07ce95246a6d9a1f08ec7b,7114
code/test_noncommutative_amgm_counterexample.py,84dc00d9e8fb89f1c1750c23fec1b2547aafc0151701cf9a83db1ac8e74fce30,846
code/test_orthogonal_projection_experiment.py,4a228a9781a57947099578866d5f8e035bbfa8a18e4ded3a24d4a60d9de85bcd,547
code/test_picture_language_diagram_audit.py,184a03dab266e93302711f8117b3a8366daf8a7424610dd27c2149696d7074dd,1554
code/test_proof_status_poset_experiment.py,ae1a4a8e03184459edd7a95d7186d0b1c4a38cace24a533dc794c24b1be790cd,1791
code/test_tail_maximal_inequality_experiment.py,c02f0b44ab285ba8c0b2d177b6d3db29c033d6d4705476e04bb3e568dec0bf2b,795
code/test_uniform_witness_sampling_experiment.py,4651c7f598240a5174c962b8e8a3846e0c392dcfa94d9f184007ec03ab6a03a7,1023
code/test_zdd_sparse_claim_family.py,63a62e8e129eff3d7da888103042b63f5ea814351a32af5e55448bf5ce6bbc5f,4537
code/uniform_witness_sampling_experiment.py,7139cee37cbf20f5c5bfc767399a788d201a664c5b514b3ffeca779ef3a23c8e,4221
code/zdd_sparse_claim_family.py,ccf77bf11f18c4cbc204f2ff5b563b919d4d1713f74c46889deb5c0f2b248cfa,19832
demo/skater_hawkes_contact_sheet.png,01040f2415d44dbc52d3d6a50cb962d6434fb5f175a3649d7c045b9e89d66487,515386
demo/skater_hawkes_logged_replay.mp4,3d6b8c8bc01df0ea62d1afb30df9acb35f90ea5e5b5342588a9c0e24e75ad980,874027
figures/branch_factor_path_stability.png,92ec332515590a2f436eab395f10de9a417b973190fc653a48683996c037875b,86254
figures/endpoint_design_permission_map.png,c0bab68d6f4cd3be25f0e7d384518e1c0e2cdc600de158019bc7982cb3a4c996,67807
figures/evidence_gate_architecture.png,b17492f503f50306078db1549cc104b3ea2f8688aff1e9f965b20161faf0581d,64473
figures/hex_scaling_coarse_grain.png,a218b7fb8eecf2e9f1648417228f0bdab2893b8bf780fe00d8c2fc8ef7a8260f,21194
figures/loop_equation_runtime_stability.png,c11cda115f36e964e6c1c5bda1752e8b28f4a498d91a863140399730e37a37e1,91035
figures/picture_language_runtime_map.png,a86e9d894b4ebdb0e1f896d249393c621f1bed853524e207a1e76e812ce40a58,132261
figures/proof_status_poset_permissions.png,eaef209cd0201d51122b58529acdd784be84cafaa2b9f069e81f6fde0842e360,96019
figures/runtime_action_counts.png,ce8e8506221fa919e0c1273d75419ae3cd534ac8d1c823766d074def56b295a8,154906
figures/Survivorship-bias.svg,6f49564ea8e32f9d3f20860a2ee109fe3cb9cebf1d2d89b118a4566066e0b543,107968
figures/survivorship_bias.png,19a1bae6a48a15872b8e288e03ae963f05ff0dc5c8ea332453775508bbb7d646,136083
paper/Module_14_Final_Paper_Evidence_Gated_Medical_LLMs_Ravi_Bajaj.docx,e2deb66b863f21fcd1233dbcecf91cc1cc287704905b64958080272b4e04293a,452857
paper/Module_14_Final_Paper_Evidence_Gated_Medical_LLMs_Ravi_Bajaj.pdf,fd99dee416d72f0390ec58d37d9352380f87aee609443a990b2620c43466e30a,766720
proposal/Module_14_Capstone_Proposal_Evidence_Gated_Medical_LLMs_Ravi_Bajaj.docx,bddf75d2ee68dbd65ce62ce219a29b38a611d8e3983e1341fcde714944413b03,40853
proposal/Module_14_Capstone_Proposal_Evidence_Gated_Medical_LLMs_Ravi_Bajaj.pdf,18024faaf941bd22d1085ebf269eea110d7c58af2cabc6724715d959c1e3d0be,235707
README.md,41ce908e00e52c00ffe3a0a1ac8e1516e44fd680b88fff749fc625be74f21425,12251
results/branch_factor_path_stability.csv,9f9edcabe99b02e7d49e05e115bd20282b4f7c895377ed9e2303cdb26f1cded4,319
results/branch_factor_path_stability_summary.json,f79fc98fc56a6d3f9ce52b6b6c89cfcda48e70a2a2b5f2368a4120b3784f4e7d,5531
results/consent_aggregation_experiment_summary.json,f497f1b00716710d9e48e8802bad58b9fa9914e5ffe55191c5ece98b7edfedf7,3433
results/depletion_ordering_experiment_summary.json,9489297204bfd6ffd395d8c3839be0bb78ae140740cb895c088c140ec99dec1f,1444
results/event_algebra_experiment_summary.json,d904bf1b2b7ed85f1b7de63dc56664d76dc3edc981eeaef3dcca934364361531,887
results/evidence_gate_stress_test_rows.csv,2706d7a83326d5c885f7331bfa3e3fcfbc753e6ecacdb4c70ea18de5aff00888,21631
results/evidence_gate_stress_test_summary.json,43e8630c77aafe392002d0b7351cb6f3a3736a0112b5dc91279e6c3512acaee5,39444
results/hex_boundary_invariant_summary.json,9e547ae0b5d812d66bcaa2d35037247c6273dacfa00def1f41c29a5d99af672a,1700
results/hex_scaling_coarse_grain_summary.json,63d95c137e08ae634d713a39bdd77c716076fe756862d604549f5cc0774279e2,13177
results/hex_scaling_crossing_rates.csv,8c8783118115e86b6997760ba066041dfce9ff10ce263b5eca80766d6e4b2ea9,1402
results/hex_scaling_smoothing_flip_rates.csv,bc5d0a3e6781f06900bd48f73b139d004dbbe35e66301eb22ce8b910f18e1b57,1313
results/kelly_runtime_budget_experiment_summary.json,945ed7793c3b22d6682103374154e88a263e973974016a023f470e65bbd57946,1130
results/loop_equation_runtime_stability.csv,a68d3c3266c80e0d26b786c9b5513b2ae987ab408039418c01c59a361cbca186,242
results/loop_equation_runtime_stability_summary.json,14f47a513dfa3b3d219b72613745d4dd480bf5e45de333d02119a675248a82d0,3936
results/mahalanobis_covariate_experiment_summary.json,50200619e47923f300e828ff106fe85a1831c3f9a00edce8e32fcd862338dafe,2844
results/measure_on_measures_experiment_summary.json,47bcfe8f417cea5d0970b3a5e7e8f63c3ee90e32c06c0a122c4b5b3e07f9af4f,1634
results/model_selection_claim_policy_summary.json,5cb5b1456bdc4ca4f220e56e406795ce3fd13ab13dae38b113788920ffeb7b12,59159
results/noncommutative_amgm_counterexample_summary.json,fb47a620b9c602c39483013650c5ec0669c6454637e7b665da0e01f2a68feea4,1025
results/orthogonal_projection_experiment_summary.json,729c3b9b0e05720c814b923d53a5bfcbf520389683130279032539f7624e5649,616
results/picture_language_diagram_audit.csv,f544c54672b993a6c6ea89920ec7db297a9ad559cc8da81c31a5c59506f83414,4732
results/picture_language_diagram_audit_summary.json,affd75ce9dab5397fc5d09f24748a9252886e3259fa6a783cb4367531a024c76,9218
results/proof_status_poset_artifacts.csv,cc7711dfcf7555bd3e93fb2a9cf9960aa872e3321498ad8c5af4777f31e441b6,2346
results/proof_status_poset_summary.json,d2a4c0f9a0c8259351e990b7fd47dcb5c71d2da01bf7aa563fe5d9562373679e,6099
results/tail_maximal_inequality_summary.json,a8b2e5809c9f1534dc96b3abba4453b4f53881fd6b44d1bf15f07a70b4c71139,1108
results/uniform_witness_sampling_experiment_summary.json,da2353991c5282ec533c9a016ffca75bb00e4e58bc591bde38110961524fa732,1649
results/zdd_sparse_claim_family_summary.json,bbb4aaf130b6afe89b8eb187f1587772a411900aa0f28013f7f7a4471acf6073,2684
summary/Module_14_Summary_Sheet_Evidence_Gated_Medical_LLMs_Ravi_Bajaj.docx,39105850d07d159ea93f8af0c82647447683c1e552f8f97e6c4756123b1a239c,40290
summary/Module_14_Summary_Sheet_Evidence_Gated_Medical_LLMs_Ravi_Bajaj.pdf,c73e0c3e2473c2e2b1e1d1eb014b7e022a4781a4ce93d9e4c625abef92a29a6a,228481
supplement/Module_14_Technical_Supplement_Evidence_Gated_Medical_LLMs_Ravi_Bajaj.docx,5307a875776e7b2bfb12d3e22dac92d5225f1b537400aa4be32a2ed426863960,438386
supplement/Module_14_Technical_Supplement_Evidence_Gated_Medical_LLMs_Ravi_Bajaj.pdf,388f1d36d7c9a60a66a4164c53cce97452c45ad6778785cf63e6f6df86b8594a,1012873
